{"test_rmse": [1.181148722446434, 1.1783045207861662, 1.1653840069587937, 1.1553926908598124, 1.1635672466735327], "test_mae": [0.9458435236215591, 0.9517581091403962, 0.9377313757658005, 0.9293607887208462, 0.9351810287415981], "test_time": [0.12292218208312988, 0.13426995277404785, 0.14772725105285645, 0.1407029628753662, 0.13866281509399414]}