{"0": {"test_rmse": [1.5586196012459894, 1.2506167605133887, 1.242443089974771, 1.3448539951101128, 1.456097142563886, 1.261640593330344, 1.2445830987152626, 1.2325184618613874, 1.2155779722230045, 1.2583421799502634, 1.218452730432454, 1.1868134107207529, 1.1905837742650978, 1.2193965731418304, 1.2023465537916882], "test_mae": [1.2125753056883812, 1.0035302433252336, 1.0165958815217018, 1.1249825346171856, 1.2289989680945874, 1.0414750126361847, 1.0248147592306136, 1.0130792367994785, 0.9934317642986774, 1.0367612392187118, 0.9942709939837455, 0.9581392423808575, 0.9524053454875946, 0.9913126843333244, 0.9693456228852272], "test_time": [0.16636204719543457, 0.17728304862976074, 0.17155814170837402, 0.1722879409790039, 0.18081021308898926, 0.17811989784240723, 0.18390917778015137, 0.16871404647827148, 0.1780242919921875, 0.17238593101501465, 0.18230986595153809, 0.17156982421875, 0.1795949935913086, 0.18165993690490723, 0.18326997756958008]}, "1": {"test_rmse": [1.3305930510741963, 1.2657880817352267, 1.234498465103521, 1.285988634185594, 1.2192364441193277, 1.2918943686945088, 1.231238544836279, 1.2139400648374712, 1.206856143083294, 1.1997450741338083, 1.2324659146535348, 1.2237883253049116, 1.197415685433904, 1.208655783155075, 1.2088668952505086], "test_mae": [1.060151692199707, 1.0309779843509197, 1.0018953670024873, 1.0658104412317275, 1.000679181611538, 1.0738768120408058, 1.0139940105974674, 0.9938589476823807, 0.98493591953516, 0.9774542931079865, 1.00979456897974, 1.0003286762952805, 0.9672302260279656, 0.9726794369101525, 0.9645151895463466], "test_time": [0.19194293022155762, 0.1772019863128662, 0.17377305030822754, 0.1752610206604004, 0.1783139705657959, 0.16924786567687988, 0.1717371940612793, 0.17598700523376465, 0.1679248809814453, 0.172044038772583, 0.17472100257873535, 0.17023801803588867, 0.1720750331878662, 0.1722712516784668, 0.1661691665649414]}, "2": {"test_rmse": [1.34381083632602, 1.321458258351905, 1.367602417525921, 1.321550116319339, 1.2837786564774176, 1.3124368678889842, 1.318984926277463, 1.2425737266105068, 1.257462299395623, 1.2508908917243033, 1.2236696309228094, 1.2028320069665777, 1.2065445760327898, 1.2185094688001534, 1.2169971643509712], "test_mae": [1.10106670768857, 1.0846415847837925, 1.1406136648416518, 1.0982127761423588, 1.05988442761302, 1.092627504736185, 1.0989069157600402, 1.022873979049921, 1.0360767121076584, 1.0291313146650791, 0.9974498436331749, 0.9714536126673221, 0.9685987801194191, 0.9856147696077824, 0.9801100759625435], "test_time": [0.1654648780822754, 0.17347097396850586, 0.17543554306030273, 0.17448997497558594, 0.17420601844787598, 0.17125797271728516, 0.1698911190032959, 0.16920924186706543, 0.16889381408691406, 0.1675550937652588, 0.1666550636291504, 0.1697373390197754, 0.16782784461975098, 0.16736102104187012, 0.1744530200958252]}, "3": {"test_rmse": [1.3156250366998157, 1.3120533717441962, 1.2803228899164012, 1.2998097709921856, 1.299171582706367, 1.3582230944496472, 1.2767400476535098, 1.2885611468581817, 1.2888171770788226, 1.2385389378066403, 1.2571877626734995, 1.220205528925113, 1.2681679330891082, 1.2363863371206971, 1.2239050409733596], "test_mae": [1.046038016462326, 1.0839670999109745, 1.0549536389708518, 1.0778896210372448, 1.077634521096945, 1.1376911087453365, 1.0569557666003704, 1.0710713276326655, 1.0698709987938404, 1.0183302109301091, 1.0376880799531936, 0.9976594834744931, 1.043744698381424, 1.0077197890639304, 0.9924898984491826], "test_time": [0.16413283348083496, 0.17287707328796387, 0.1732478141784668, 0.17275786399841309, 0.16783905029296875, 0.17709589004516602, 0.17355895042419434, 0.16702699661254883, 0.1662609577178955, 0.16662192344665527, 0.16934490203857422, 0.16755294799804688, 0.16918182373046875, 0.168623685836792, 0.17478489875793457]}, "4": {"test_rmse": [1.3179267174121838, 1.2748901087147215, 1.2449325366444166, 1.2259741139485063, 1.2225934174928006, 1.2102073142764154, 1.2438224274848868, 1.2568963879813544, 1.207030169822921, 1.2307907658467345, 1.2196764267286664, 1.1931024009523348, 1.1944411926034821, 1.1951792432355985, 1.207867911343472], "test_mae": [1.0575691632509232, 1.0353971270918847, 1.0162744113624096, 0.999273073798418, 0.9894581327497959, 0.9817566825628281, 1.0238876680195332, 1.0382740607738494, 0.9859598175525666, 1.0118177269756794, 0.9974050766468048, 0.9671609524011612, 0.9620326975166797, 0.9644289001226425, 0.9615819001197815], "test_time": [0.17165589332580566, 0.17696523666381836, 0.1748960018157959, 0.18059277534484863, 0.17809104919433594, 0.1790018081665039, 0.1757361888885498, 0.18290042877197266, 0.17227482795715332, 0.17271113395690918, 0.17186403274536133, 0.1696488857269287, 0.17020630836486816, 0.16752314567565918, 0.1720590591430664]}}