{"0": {"test_rmse": [1.330255567400265, 1.2948467383874398, 1.237204923296903, 1.2464493118452602, 1.2500268888427921, 1.1972850427091815, 1.189324605655096, 1.1897905253997385, 1.1789500044473802, 1.1773807940189687, 1.177739762396566, 1.1729525503494307, 1.1879178525382281, 1.1958574758490568, 1.1881884291868754], "test_mae": [1.0594985133230685, 1.0290506791770457, 1.0028397956609727, 1.02215553663373, 1.0319700067698956, 0.977151052069664, 0.9645639842510223, 0.9705601822376251, 0.9590818334519863, 0.947094444912672, 0.9517317741334438, 0.9458191516041756, 0.9612397230625153, 0.9705118486344815, 0.955430924731493], "test_time": [0.15688204765319824, 0.15912914276123047, 0.16584992408752441, 0.16256165504455566, 0.15889191627502441, 0.16185307502746582, 0.16298294067382812, 0.16661596298217773, 0.16271305084228516, 0.15767693519592285, 0.16003799438476562, 0.16281795501708984, 0.15236401557922363, 0.15654587745666504, 0.15701889991760254]}, "1": {"test_rmse": [1.3265720876174598, 1.287590482002596, 1.2396337488603408, 1.2411336530684036, 1.2867302115058177, 1.2920101139049103, 1.2276223362582699, 1.2357451217797801, 1.2659523159624269, 1.2668047809824552, 1.237378894138235, 1.2099816962565342, 1.221372984200303, 1.2098129953082626, 1.2112468471103772], "test_mae": [1.049959004533291, 1.0256601138949395, 1.001873189908266, 1.017919311863184, 1.0675518070340158, 1.0736602516233922, 1.007437037754059, 1.0148435640633107, 1.0484576996982098, 1.049651915371418, 1.0161007545530796, 0.9838347585737706, 0.9962932911634446, 0.9770239080309868, 0.973637342518568], "test_time": [0.1580209732055664, 0.1618962287902832, 0.1631321907043457, 0.1638810634613037, 0.17191195487976074, 0.18740510940551758, 0.16632294654846191, 0.1574418544769287, 0.16300702095031738, 0.15452122688293457, 0.1539628505706787, 0.15554594993591309, 0.15126967430114746, 0.14954090118408203, 0.1508779525756836]}, "2": {"test_rmse": [1.3924411816697675, 1.2805882462636777, 1.224506327786844, 1.2281908333324676, 1.2580698419992777, 1.212231761963974, 1.325018349230503, 1.2942317716131866, 1.261164685602727, 1.2497650136129774, 1.310899057839205, 1.2761842907157794, 1.2515534580176284, 1.2621241265820562, 1.2516971039218792], "test_mae": [1.097000255048275, 1.0504520903468133, 0.9966761212587356, 1.0058532001972198, 1.038734140431881, 0.9909048435032368, 1.102388282996416, 1.0726396298885346, 1.0407754230201245, 1.027690088313818, 1.0867839690744876, 1.0516964760363101, 1.0235121977806092, 1.0324936159551144, 1.0191086125850677], "test_time": [0.16098785400390625, 0.15713000297546387, 0.15590786933898926, 0.15664196014404297, 0.1607980728149414, 0.15628695487976074, 0.22403192520141602, 0.18900704383850098, 0.17982792854309082, 0.16616511344909668, 0.16584491729736328, 0.1704111099243164, 0.1660449504852295, 0.1670074462890625, 0.1616837978363037]}, "3": {"test_rmse": [1.30702223803892, 1.2843966613235185, 1.2633111307711655, 1.2756858745566781, 1.2564218396628164, 1.2992524138017403, 1.2619482086556526, 1.268231954421177, 1.2375465603401372, 1.2628661668553487, 1.228108854782864, 1.2562279358395756, 1.2234338064025987, 1.2194559670137544, 1.2210438678303828], "test_mae": [1.0508210798203945, 1.0458760887801648, 1.0380792424440384, 1.0568340753316878, 1.0367226560771465, 1.0795638094902038, 1.0428216184794903, 1.0500471127986908, 1.0188197098731995, 1.0441421175062657, 1.005638822388649, 1.0352515355110168, 0.9948754606366158, 0.9920255582869053, 0.9875014282464981], "test_time": [0.15880393981933594, 0.16138219833374023, 0.16392922401428223, 0.1642911434173584, 0.16637516021728516, 0.16433405876159668, 0.16242504119873047, 0.167557954788208, 0.1685621738433838, 0.16472578048706055, 0.18039298057556152, 0.16118407249450684, 0.16326403617858887, 0.16544508934020996, 0.1607680320739746]}, "4": {"test_rmse": [1.3006514970560767, 1.2713956060002187, 1.2589044152086502, 1.2191361161920464, 1.2577677639899063, 1.2188015164640758, 1.1936510064003851, 1.2589711946607423, 1.2056742203231468, 1.220373450561914, 1.1996421222792562, 1.19454748928147, 1.2104756081669394, 1.2050671913850148, 1.2118796933472116], "test_mae": [1.0511732163727283, 1.0248485772192477, 1.0099158742964267, 0.9921130684494972, 1.0363587940752506, 0.9946005512416363, 0.9672770178854465, 1.0394497606456279, 0.9814839192092418, 0.9978120783507824, 0.9759006441414356, 0.9614753622472286, 0.9809529841780662, 0.9699991816878318, 0.9710807407677173], "test_time": [0.15841984748840332, 0.15342020988464355, 0.16226792335510254, 0.16130590438842773, 0.16141915321350098, 0.16367316246032715, 0.16110491752624512, 0.17148518562316895, 0.17440581321716309, 0.1619560718536377, 0.1652379035949707, 0.16016888618469238, 0.15656495094299316, 0.1578052043914795, 0.15634703636169434]}}