{"test_rmse": [1.2569948694794246, 1.210694878541848, 1.2005383191594767, 1.2094426813643637, 1.219538847026355], "test_mae": [1.012224789905548, 0.9773576435863972, 0.9728560985147953, 0.9718729340314866, 0.9838396670460701], "test_time": [0.1714620590209961, 0.17377996444702148, 0.1729428768157959, 0.17034697532653809, 0.17134881019592285]}