{"0": {"test_rmse": [1.340086526580257, 1.2527067506893916, 1.2497083337841526, 1.2394683306859882, 1.2252823796305805, 1.2210222947369636, 1.2076471852647193, 1.2001960516786616, 1.2000711508797939, 1.1882381069542118, 1.1857538878484326, 1.181148722446434, 1.185341294258862, 1.1860210790793464, 1.1826414609722178], "test_mae": [1.1050284451842307, 1.0123995433151722, 1.0039506739258766, 0.9899795432984829, 0.9816031814575196, 0.9765175836145877, 0.9659250675082207, 0.9573020679354668, 0.9611442757189274, 0.9593839443027973, 0.9529552669882775, 0.9496125527918339, 0.9493941534161567, 0.9559866800248623, 0.9458435236215591], "test_time": [0.12555694580078125, 0.12292218208312988, 0.1280677318572998, 0.12371301651000977, 0.126816987991333, 0.12385010719299316, 0.13824892044067383, 0.14596891403198242, 0.13543295860290527, 0.13375210762023926, 0.13612985610961914, 0.14652013778686523, 0.14529991149902344, 0.14960503578186035, 0.1439218521118164]}, "1": {"test_rmse": [1.4377090369985281, 1.2790137550462122, 1.2511959123281338, 1.2304214866122845, 1.231641281884389, 1.2280980462842632, 1.2360498903474602, 1.2214064108501783, 1.227419282227104, 1.2417896113389497, 1.2063351626322094, 1.1938687220914797, 1.1815274662775033, 1.1821379248714026, 1.1783045207861662], "test_mae": [1.2019015844225884, 1.0500798576414585, 1.0227847392976284, 1.0083497646450996, 1.009690134549141, 1.0079110363543033, 1.0175390117526055, 1.0047406869590283, 1.0111361196398736, 1.028514334923029, 0.989428892892599, 0.9748320178806782, 0.9579454323768616, 0.9610458870768547, 0.9517581091403962], "test_time": [0.13785815238952637, 0.14397096633911133, 0.13426995277404785, 0.13721585273742676, 0.13743209838867188, 0.14461708068847656, 0.14310693740844727, 0.1406998634338379, 0.15027904510498047, 0.14480090141296387, 0.15142083168029785, 0.15056920051574707, 0.15312910079956055, 0.19627118110656738, 0.152695894241333]}, "2": {"test_rmse": [1.3820548582731025, 1.2580000958706588, 1.2344006696219016, 1.2178011566058828, 1.2056226740649743, 1.1965871723201804, 1.1911258077988074, 1.185810216736185, 1.182322700363281, 1.1755133929588553, 1.169488430051992, 1.1653840069587937, 1.1800246779057963, 1.1742452056555932, 1.186430850489611], "test_mae": [1.1501936951160432, 1.0215563336730002, 0.9984198184430599, 0.9811495552182198, 0.97302660151124, 0.9683902946054935, 0.9605782548189163, 0.9554054274022579, 0.9499319810032845, 0.9488588495075703, 0.9380905124604701, 0.9391139042317868, 0.9444361787378788, 0.9377313757658005, 0.9453782976746559], "test_time": [0.15621185302734375, 0.15096020698547363, 0.15004181861877441, 0.15342402458190918, 0.15290617942810059, 0.15430188179016113, 0.14803814888000488, 0.1497516632080078, 0.14772725105285645, 0.1504650115966797, 0.14940905570983887, 0.14922690391540527, 0.14991402626037598, 0.15611696243286133, 0.15634703636169434]}, "3": {"test_rmse": [1.3852905267799198, 1.3915753608994714, 1.3034256794461097, 1.2220299652485596, 1.230105160485488, 1.2273021900626577, 1.220979581220594, 1.1934934644269748, 1.1956853285352265, 1.173206617064046, 1.189410728645093, 1.1692182687028432, 1.1652776650711518, 1.1593644920275619, 1.1553926908598124], "test_mae": [1.15044701141119, 1.1636964461684227, 1.0784637234330177, 0.9868863057732582, 1.011454961681366, 1.0094952769994736, 1.005148507374525, 0.9779149479806423, 0.9800688615322113, 0.9560515006542206, 0.9763555651783943, 0.956943367922306, 0.9467411193370819, 0.9319341215491295, 0.9293607887208462], "test_time": [0.15253996849060059, 0.15335702896118164, 0.15314984321594238, 0.14970111846923828, 0.14788293838500977, 0.1591637134552002, 0.1472790241241455, 0.1407029628753662, 0.15093207359313965, 0.15787792205810547, 0.15280413627624512, 0.14825224876403809, 0.14798688888549805, 0.14418697357177734, 0.14719295501708984]}, "4": {"test_rmse": [1.350399892993736, 1.3285157213719656, 1.3143833360154533, 1.2720011672959877, 1.2363461088342032, 1.2078724454863086, 1.1999585844322345, 1.1907452141042727, 1.1763387641222889, 1.1727776342690064, 1.1724792234217323, 1.1682704235934696, 1.1655384692722555, 1.1651795119762687, 1.1635672466735327], "test_mae": [1.1150221087574959, 1.1028950515449047, 1.0896025052964686, 1.0511766394019126, 1.0159585593819618, 0.9875493283867836, 0.9789635751664638, 0.9580744701385498, 0.9504303259849548, 0.9418669037401676, 0.9491085287451744, 0.9471338955700398, 0.943695604711771, 0.9421330433428288, 0.9351810287415981], "test_time": [0.15025997161865234, 0.14101886749267578, 0.15499401092529297, 0.14768600463867188, 0.15315604209899902, 0.15532207489013672, 0.14898896217346191, 0.15419983863830566, 0.14545989036560059, 0.13866281509399414, 0.14485788345336914, 0.1437220573425293, 0.14448189735412598, 0.14342808723449707, 0.14380788803100586]}}