{"test_rmse": [1.1880200464635589, 1.1692107353434873, 1.192083468306393, 1.1804230102505422, 1.1822305808993254], "test_mae": [0.9624111226677895, 0.941700062417984, 0.9637940852284431, 0.9509943057000637, 0.9542620278596878], "test_time": [0.15012693405151367, 0.15297508239746094, 0.15422821044921875, 0.1482858657836914, 0.15099000930786133]}