{"0": {"test_rmse": [1.3599860285008791, 1.2907252912744775, 1.2760952803258598, 1.4113834843897812, 1.3194689205766117, 1.4588947263803347, 1.3487194301347285, 1.3740131798898723, 1.4281420976340151, 1.2569948694794246, 1.3176719360907345, 1.25700755941067, 1.261881479577829, 1.2880778490590652, 1.2755064152045197], "test_mae": [1.0811879868507386, 1.046806778872013, 1.0372787782609463, 1.1841678950607777, 1.0932025829553604, 1.2305889206886291, 1.1227536688745021, 1.1473132503032684, 1.1977869788110256, 1.0282866193056106, 1.0873391137480737, 1.0262553043663503, 1.0264710430443287, 1.0548112242043017, 1.012224789905548], "test_time": [0.1730940341949463, 0.1790027618408203, 0.1825578212738037, 0.18468403816223145, 0.18602395057678223, 0.18263983726501465, 0.1795198917388916, 0.17426490783691406, 0.17353224754333496, 0.1714620590209961, 0.17837214469909668, 0.19016504287719727, 0.18284392356872559, 0.17713499069213867, 0.18103289604187012]}, "1": {"test_rmse": [1.4082012203273577, 1.4340009759811407, 1.3654775068159395, 1.3088423784738328, 1.2822266707607475, 1.2709804830678229, 1.258239900749044, 1.2461879633290787, 1.2420624622181107, 1.210694878541848, 1.214603324429304, 1.2184640279351917, 1.2266297067738274, 1.2211380956089084, 1.2241378897456094], "test_mae": [1.1502170327842236, 1.2038654911279678, 1.1383883645296098, 1.0852617316901685, 1.055634920990467, 1.0375462938785553, 1.0283579451560974, 1.0149398234307765, 1.018295665860176, 0.9781891479372978, 0.9819618294060231, 0.9852343340396881, 0.987650187599659, 0.9773576435863972, 0.9815341798722744], "test_time": [0.17989206314086914, 0.17377996444702148, 0.18392705917358398, 0.18260693550109863, 0.1818850040435791, 0.18432927131652832, 0.17882585525512695, 0.17751598358154297, 0.17427301406860352, 0.1769852638244629, 0.18639421463012695, 0.18140006065368652, 0.18503975868225098, 0.17857885360717773, 0.18136286735534668]}, "2": {"test_rmse": [1.3623475953893494, 1.2802784103075149, 1.2654112404774391, 1.28985939726023, 1.2827915987695295, 1.2536353080942557, 1.2660869780311095, 1.2252539792166903, 1.237425596265355, 1.2160636146245427, 1.2244472246996414, 1.2005383191594767, 1.2121216875403944, 1.2067784072716221, 1.2070637620033038], "test_mae": [1.093014051425457, 1.0455153637886048, 1.0364394462764264, 1.0621401804864408, 1.058105448782444, 1.0222995310902596, 1.0457281287908553, 1.001969329380989, 1.0156376173973083, 0.993748144519329, 1.000637153738737, 0.9736178387284279, 0.9841924956560135, 0.9755138644814492, 0.9728560985147953], "test_time": [0.1729428768157959, 0.18503212928771973, 0.17946600914001465, 0.18102478981018066, 0.18215417861938477, 0.17590808868408203, 0.181840181350708, 0.17550277709960938, 0.18048882484436035, 0.17760610580444336, 0.18077898025512695, 0.18730902671813965, 0.17884230613708496, 0.17909979820251465, 0.17992329597473145]}, "3": {"test_rmse": [1.362062486527943, 1.3698406791323101, 1.4309521421612057, 1.2966347930179674, 1.2986233855673148, 1.345058380748639, 1.2837748290024666, 1.296524851300513, 1.3005120957846272, 1.3316344847712405, 1.219625710527764, 1.266237434475416, 1.2289811348458213, 1.2094426813643637, 1.2263695532637968], "test_mae": [1.079572527939081, 1.1415824222683906, 1.2042484811484813, 1.0672085379064082, 1.070658622688055, 1.1166518647432326, 1.0544603603243827, 1.07257108887434, 1.0777005309283734, 1.1098123014390469, 0.9921601766228676, 1.0400386028170585, 0.9990848354995251, 0.9718729340314866, 0.9874759950995445], "test_time": [0.17034697532653809, 0.17916202545166016, 0.1828479766845703, 0.18236494064331055, 0.18235492706298828, 0.1791391372680664, 0.18355512619018555, 0.17631983757019043, 0.1742401123046875, 0.18052887916564941, 0.18344378471374512, 0.18020200729370117, 0.18138408660888672, 0.18529200553894043, 0.18508410453796387]}, "4": {"test_rmse": [1.3656041439027966, 1.3476046833102755, 1.3001536220866812, 1.3075182795344422, 1.2568242620854724, 1.250079901232567, 1.2660051488288402, 1.2879791660246795, 1.2697279558087433, 1.3192675608446527, 1.2668554409696418, 1.240796499618935, 1.2237907038454228, 1.219538847026355, 1.246029827312794], "test_mae": [1.08214083558321, 1.1150941338062286, 1.0733782666504383, 1.0814298316299915, 1.0288584548950195, 1.0244043668091296, 1.0423669217288494, 1.0621924705147743, 1.0452490357100963, 1.0926504791915417, 1.0423112661540508, 1.013318559205532, 0.9899797025859356, 0.9838396670460701, 1.0091047445476056], "test_time": [0.17777681350708008, 0.18606901168823242, 0.17752480506896973, 0.1905200481414795, 0.18345212936401367, 0.18184900283813477, 0.17134881019592285, 0.17542719841003418, 0.17856693267822266, 0.17336678504943848, 0.1816260814666748, 0.177001953125, 0.1834111213684082, 0.17876029014587402, 0.1772937774658203]}}