{"test_rmse": [1.1729525503494307, 1.2098129953082626, 1.212231761963974, 1.2194559670137544, 1.1936510064003851], "test_mae": [0.9458191516041756, 0.973637342518568, 0.9909048435032368, 0.9875014282464981, 0.9614753622472286], "test_time": [0.15236401557922363, 0.14954090118408203, 0.15590786933898926, 0.15880393981933594, 0.15342020988464355]}