{"0": {"test_rmse": [1.336831254234872, 1.2498491904077422, 1.2664399920202858, 1.2136669410356615, 1.2332853079991033, 1.2041505932324243, 1.2457847890484508, 1.2660990163799042, 1.2162014797854832, 1.2355211647152728, 1.3037530849733896, 1.2273214903119556, 1.1880200464635589, 1.1917950260306163, 1.2336001672773393], "test_mae": [1.0630387793004512, 1.0214086106956004, 1.0411500562369824, 0.9883255193412304, 1.0112991226494312, 0.9817336366415024, 1.0270547905147076, 1.0456287618279456, 0.9979797231197357, 1.0150905521273612, 1.0804780899703503, 1.0050234230041504, 0.9624111226677895, 0.9648720288276672, 1.0061262469291687], "test_time": [0.15012693405151367, 0.15428805351257324, 0.15909719467163086, 0.16031384468078613, 0.16243696212768555, 0.1583847999572754, 0.16377878189086914, 0.16762590408325195, 0.16370487213134766, 0.15782618522644043, 0.15667009353637695, 0.1548171043395996, 0.1532449722290039, 0.1761012077331543, 0.1804642677307129]}, "1": {"test_rmse": [1.317612623225393, 1.2615139890855906, 1.2399704646378693, 1.2141964795378402, 1.2059398468570037, 1.1910061212778127, 1.178549785034745, 1.1783270625289213, 1.1722722551142206, 1.1719943689750085, 1.1714012937972138, 1.1692107353434873, 1.192616634214719, 1.1929963505346417, 1.181889174047465], "test_mae": [1.0786974468827248, 1.0298258831858635, 1.0118075385391712, 0.9844133058190345, 0.9799049448907375, 0.9675903308749199, 0.9524921119093895, 0.9505639843106269, 0.945827047342062, 0.9457434539496898, 0.9478039512336254, 0.941700062417984, 0.9521351316571236, 0.9515670467913151, 0.9558380663633347], "test_time": [0.1695270538330078, 0.1629350185394287, 0.1600050926208496, 0.15955305099487305, 0.1633307933807373, 0.1613750457763672, 0.15892815589904785, 0.15523290634155273, 0.15297508239746094, 0.15431690216064453, 0.1595768928527832, 0.16028904914855957, 0.1634371280670166, 0.15851902961730957, 0.158372163772583]}, "2": {"test_rmse": [1.3359087781968637, 1.2679483622989371, 1.2494835052414581, 1.2475347467785627, 1.2170571913774855, 1.2279281363805916, 1.2030290816827514, 1.1995930193485793, 1.197307966896362, 1.192083468306393, 1.2122523346304184, 1.1920934484435584, 1.1927845847695164, 1.1981529713621688, 1.1968720050489836], "test_mae": [1.0933471883296966, 1.0332978584706782, 1.0225285880327224, 1.0219367441296578, 0.9930786262810231, 1.007877164387703, 0.9769273359835148, 0.9785124569118023, 0.9730862972080707, 0.9660024916410446, 0.9920367171287536, 0.966980532592535, 0.9660603644907475, 0.9677528318822384, 0.9637940852284431], "test_time": [0.15422821044921875, 0.15520191192626953, 0.15458083152770996, 0.15834403038024902, 0.15754294395446777, 0.15961170196533203, 0.1598038673400879, 0.1589517593383789, 0.15755486488342285, 0.1546790599822998, 0.16228890419006348, 0.1548480987548828, 0.15787315368652344, 0.15742897987365723, 0.16037988662719727]}, "3": {"test_rmse": [1.3187756264046333, 1.2738340106002763, 1.2394777291777859, 1.2316229624622252, 1.2419830184319427, 1.1968271828413413, 1.1919708641044187, 1.2162726112186886, 1.224800402699156, 1.1804230102505422, 1.1862287963046243, 1.181629130854484, 1.1883969393571419, 1.1953800137633694, 1.1853127457470325], "test_mae": [1.0830366409540177, 1.0462675759136677, 1.0085879865407943, 1.0105915862798691, 1.0233168103873729, 0.9711648100376129, 0.9707669946849347, 0.9981300154685974, 1.0096818754136563, 0.9509943057000637, 0.963329285466671, 0.953533119726181, 0.9531099572658539, 0.9572470218837261, 0.9541916027784347], "test_time": [0.1599421501159668, 0.1593947410583496, 0.15576481819152832, 0.15768909454345703, 0.16613030433654785, 0.15550732612609863, 0.155958890914917, 0.15257692337036133, 0.15383195877075195, 0.15567398071289062, 0.15545010566711426, 0.1523897647857666, 0.1482858657836914, 0.15250492095947266, 0.1553020477294922]}, "4": {"test_rmse": [1.3508448076351045, 1.3460848369601046, 1.254696505583468, 1.2335876078177415, 1.2255988462069758, 1.2057617155624334, 1.216240753215032, 1.231130961974043, 1.2013441294663267, 1.2063855150676344, 1.1822305808993254, 1.1832313064015627, 1.1903372292574388, 1.191061738896424, 1.1941034956626868], "test_mae": [1.1141053545176982, 1.1182676174998283, 1.0325569590628147, 1.0117648785948754, 1.0081988727152347, 0.9869238649368286, 1.0002108436465262, 1.016164654046297, 0.9848244890630246, 0.9932314800798893, 0.9574827624380589, 0.9612803952038288, 0.9607591588616371, 0.9558150202691555, 0.9542620278596878], "test_time": [0.15099000930786133, 0.15172719955444336, 0.1543581485748291, 0.15649008750915527, 0.15931105613708496, 0.16107392311096191, 0.15901589393615723, 0.16030216217041016, 0.15213799476623535, 0.15467000007629395, 0.15472006797790527, 0.15302491188049316, 0.15484213829040527, 0.15414690971374512, 0.15577411651611328]}}