{"test_rmse": [1.1868134107207529, 1.197415685433904, 1.2028320069665777, 1.220205528925113, 1.1931024009523348], "test_mae": [0.9524053454875946, 0.9645151895463466, 0.9685987801194191, 0.9924898984491826, 0.9615819001197815], "test_time": [0.16636204719543457, 0.1661691665649414, 0.1654648780822754, 0.16413283348083496, 0.16752314567565918]}