{"test_rmse": [1.0213346376707928, 1.027426203145156, 1.0245736074299474, 1.0277548425681795, 1.0223319921741798], "test_mae": [0.8029307655485443, 0.8072611258539591, 0.8046760783600218, 0.8071301850320584, 0.80277907050431], "fit_time": [0.1966719627380371, 0.2503848075866699, 0.23012518882751465, 0.21276092529296875, 0.22006988525390625], "test_time": [1.5704057216644287, 1.548332929611206, 1.520434856414795, 1.6561541557312012, 1.4436628818511963]}