{"test_rmse": [1.0324527013598044, 1.019773730000752, 1.0246606522748563, 1.018857292342492, 1.0192768838905728], "test_mae": [0.8113473995551768, 0.7985230799207755, 0.8060005498496, 0.7990526374357644, 0.8004954960632452], "fit_time": [0.19810199737548828, 0.22447419166564941, 0.24187898635864258, 0.24492383003234863, 0.2214980125427246], "test_time": [1.4686038494110107, 1.601700782775879, 1.6592481136322021, 1.580291986465454, 1.4066739082336426]}