{"test_rmse": [1.0232857526662962, 1.0223534669061778, 1.0254285643463716, 1.024274598615981, 1.0192240991899095], "test_mae": [0.8069006837194506, 0.8030180680499648, 0.804204906291063, 0.8063623217282225, 0.7997624406542816], "fit_time": [0.2174549102783203, 0.20806384086608887, 0.2118370532989502, 0.23830389976501465, 0.2197728157043457], "test_time": [1.4606599807739258, 1.519270896911621, 1.6375689506530762, 1.576982021331787, 1.4393310546875]}