{"test_rmse": [1.017884490826499, 1.022292335297589, 1.0231875365973848, 1.032022361068189, 1.0185129126337122], "test_mae": [0.7990004628559505, 0.8033361657105613, 0.8052775413468435, 0.8114140824341737, 0.7990073340482707], "fit_time": [0.2118368148803711, 0.22918701171875, 0.2219839096069336, 0.225783109664917, 0.22460603713989258], "test_time": [1.486048936843872, 1.5455241203308105, 1.5741722583770752, 1.5823991298675537, 1.45613694190979]}