{"test_rmse": [1.0285350807194964, 1.0260701286975964, 1.0229088744019508, 1.023102614925829, 1.0175753158826264], "test_mae": [0.810370589575167, 0.8059586845851116, 0.8032317797291624, 0.8022780735342998, 0.7972784134097728], "fit_time": [0.19922494888305664, 0.21640491485595703, 0.22934198379516602, 0.222930908203125, 0.23021316528320312], "test_time": [1.5080609321594238, 1.5152571201324463, 1.429076910018921, 1.5973591804504395, 1.5449800491333008]}