{"test_rmse": [1.0289046112445002, 1.0185272359991215, 1.025609226865813, 1.0245299757701183, 1.017574375433767], "test_mae": [0.8099530151788251, 0.8025370797005715, 0.8035907862482127, 0.8035535786949758, 0.7982918306141567], "fit_time": [0.19941020011901855, 0.2038881778717041, 0.23001599311828613, 0.21176600456237793, 0.20991802215576172], "test_time": [1.4136219024658203, 1.461333990097046, 1.4290058612823486, 1.4345946311950684, 1.3781981468200684]}