{"test_rmse": [1.0132784439778617, 1.0189123123815147, 1.021787627920537, 1.034235788119367, 1.035552281162023], "test_mae": [0.7957280791780892, 0.8002860492359964, 0.8029863502174514, 0.8139136754830348, 0.8128038768310495], "fit_time": [0.2029731273651123, 0.22812414169311523, 0.22897601127624512, 0.22167086601257324, 0.20195317268371582], "test_time": [1.4715948104858398, 1.5079982280731201, 1.5263690948486328, 1.4489340782165527, 1.3445148468017578]}