{"test_rmse": [1.0259112391785232, 1.0326209170486744, 1.0237311091216996, 1.0284740444875047, 1.0156301074081573], "test_mae": [0.8049265278614165, 0.8110893909706006, 0.8037171822352419, 0.8065739396161369, 0.7985395848075834], "fit_time": [0.19197726249694824, 0.20450091361999512, 0.1999659538269043, 0.23958873748779297, 0.2085719108581543], "test_time": [1.3854691982269287, 1.3647778034210205, 1.4636261463165283, 1.4411473274230957, 1.543992042541504]}