{"test_rmse": [1.0263555515464435, 1.0209043241426066, 1.028095887435225, 1.0212425784038706, 1.023599461206204], "test_mae": [0.808297551926421, 0.7994234669633999, 0.8082513548547957, 0.8010561810443037, 0.8046279561625063], "fit_time": [0.1971580982208252, 0.24746298789978027, 0.22818207740783691, 0.2084050178527832, 0.21087884902954102], "test_time": [1.5020837783813477, 1.555596113204956, 1.4895586967468262, 1.4486401081085205, 1.3900840282440186]}