{"test_rmse": [1.0134149674080573, 1.0197481016503476, 1.0236210775744734, 1.0278973940035172, 1.0294874667514609], "test_mae": [0.7958009445803329, 0.8009052382467545, 0.803492722883528, 0.8069060837527959, 0.8057220761861843], "fit_time": [0.20444107055664062, 0.22730803489685059, 0.2444000244140625, 0.22816205024719238, 0.23412013053894043], "test_time": [1.4543139934539795, 1.5017070770263672, 1.4941339492797852, 1.594787836074829, 1.385115146636963]}