{"test_rmse": [1.0215656474217527, 1.0297314639037194, 1.0225137077928481, 1.0276870271660232, 1.0287615447650431], "test_mae": [0.8047385272931786, 0.8077950467221905, 0.8069688821506971, 0.8053356886537533, 0.8073136790824232], "fit_time": [0.22333598136901855, 0.2812228202819824, 0.20276093482971191, 0.2100977897644043, 0.2104341983795166], "test_time": [1.5798001289367676, 1.4237301349639893, 1.3948149681091309, 1.4901089668273926, 1.4159798622131348]}