{"test_rmse": [1.0208477911924647, 1.0237292076095248, 1.0277081623270556, 1.024252912057397, 1.020230625008492], "test_mae": [0.8029363629835313, 0.8046692349492695, 0.8073523486012882, 0.8049491837785628, 0.8022888220457371], "fit_time": [0.19857001304626465, 0.21310091018676758, 0.2192840576171875, 0.27251696586608887, 0.23225712776184082], "test_time": [1.3826680183410645, 1.4544870853424072, 1.6680989265441895, 1.6400830745697021, 1.4600508213043213]}