{"test_rmse": [1.0171734647626602, 1.0318123463981226, 1.027457928562032, 1.0196828033338794, 1.0224359449364975], "test_mae": [0.7997941295187904, 0.8093409788394429, 0.8094399207440182, 0.8013315538540918, 0.8040876121757812], "fit_time": [0.19308710098266602, 0.19077610969543457, 0.19586801528930664, 0.2109696865081787, 0.18468570709228516], "test_time": [1.3478128910064697, 1.3463091850280762, 1.3241631984710693, 1.301018238067627, 1.2426350116729736]}