{"test_rmse": [1.0168080338478007, 1.01979411288019, 1.019978307144811, 1.0283682187704235, 1.0259872934185652], "test_mae": [0.7987542095224992, 0.8019073484659992, 0.7977401330901678, 0.8056820659728647, 0.8063418850943468], "fit_time": [0.19497084617614746, 0.19069695472717285, 0.21386170387268066, 0.2258131504058838, 0.20708584785461426], "test_time": [1.3509702682495117, 1.3961799144744873, 1.4416131973266602, 1.5327329635620117, 1.3109822273254395]}