{"test_rmse": [1.0240636178531144, 1.032474071943958, 1.0243658005354148, 1.0235890351930166, 1.0234474217509342], "test_mae": [0.8059194426699778, 0.8093161842047383, 0.8055492182736347, 0.8030512567332493, 0.8022520516800526], "fit_time": [0.2160789966583252, 0.2289137840270996, 0.24210810661315918, 0.2446732521057129, 0.24194884300231934], "test_time": [1.58207106590271, 1.7712247371673584, 1.7055790424346924, 1.6956877708435059, 1.45414400100708]}