{"test_rmse": [1.0213111621522823, 1.0315134203790186, 1.0327746936154745, 1.0173424308756545, 1.0229921089837866], "test_mae": [0.7992003507935982, 0.8128129269396838, 0.8105148509976964, 0.7942764893614812, 0.8039527140469896], "fit_time": [0.20835185050964355, 0.2328500747680664, 0.20865702629089355, 0.20375704765319824, 0.20937228202819824], "test_time": [1.5023317337036133, 1.4532091617584229, 1.429197072982788, 1.5729269981384277, 1.4957540035247803]}