{"test_rmse": [1.027069114254829, 1.021992896967014, 1.021916323656511, 1.0224860458334564, 1.0273972685868094], "test_mae": [0.8086241876140678, 0.8038014691935339, 0.8017286548643181, 0.801517987139243, 0.8049710273981142], "fit_time": [0.19138097763061523, 0.20277810096740723, 0.20438718795776367, 0.20089006423950195, 0.19071269035339355], "test_time": [1.3745160102844238, 1.3860769271850586, 1.3515048027038574, 1.375688076019287, 1.3062663078308105]}