{"test_rmse": [1.0209647441548553, 1.0277328710529716, 1.0249653215067498, 1.0273535620631096, 1.0230432990158775], "test_mae": [0.7977287337584492, 0.8113551212114293, 0.8061437406965241, 0.8065805888170863, 0.8027078267186066], "fit_time": [0.21066904067993164, 0.22890186309814453, 0.22696614265441895, 0.22610211372375488, 0.23683786392211914], "test_time": [1.5430560111999512, 1.574958086013794, 1.6730928421020508, 1.6355841159820557, 1.4487109184265137]}