{"test_rmse": [1.0304939441040795, 1.0285393587841132, 1.0260712373698335, 1.0116384591274592, 1.0258779617789828], "test_mae": [0.8100527045936385, 0.8073264810793107, 0.8075408258104507, 0.7951368753101069, 0.8042790266755377], "fit_time": [0.2187812328338623, 0.3108401298522949, 0.22968196868896484, 0.23990416526794434, 0.2306230068206787], "test_time": [1.8649568557739258, 1.805797815322876, 1.580536127090454, 1.5586140155792236, 1.5367679595947266]}