{"test_rmse": [1.446000970465203, 1.4487918287374482, 1.430086361595565, 1.4376269110338176, 1.4354708892159136], "test_mae": [1.085558994177158, 1.0925721631596415, 1.0815589334894977, 1.0850533247054932, 1.077731284642634], "test_time": [0.038889408111572266, 0.035928964614868164, 0.03991818428039551, 0.03991842269897461, 0.041887521743774414]}