{"test_rmse": [1.340588214864676, 1.323939944030038, 1.32777913250958, 1.3246830160264313, 1.3294584358379467], "test_mae": [1.0263804113113213, 1.0153729737926755, 1.0174326169751913, 1.0141012566155492, 1.0137895751218797], "test_time": [0.0488734245300293, 0.048837900161743164, 0.034903764724731445, 0.04186701774597168, 0.038930416107177734]}