{"test_rmse": [1.4632714642088969, 1.4730965973620456, 1.4715507368414729, 1.4433046418643882, 1.4624773494957295], "test_mae": [1.111982778383637, 1.1090394275941398, 1.109729919055508, 1.0932461219369551, 1.1056409608806073], "test_time": [0.05186104774475098, 0.041922569274902344, 0.0369267463684082, 0.05285835266113281, 0.035897016525268555]}