{"test_rmse": [2.785613218703683, 2.7528512188978196, 2.767327296366624, 2.7751242755534924, 2.7727012412521885], "test_mae": [2.587404810218462, 2.5499246221809706, 2.568923445212628, 2.577746052689649, 2.5746508656549927], "test_time": [0.03003215789794922, 0.02960515022277832, 0.030124187469482422, 0.036885976791381836, 0.0304720401763916]}