{"test_rmse": [1.2750819903651058, 1.2712298387465644, 1.261076047406373, 1.2753609932813967, 1.2778533092002473], "test_mae": [0.9952477478527583, 0.9842782329051153, 0.9799687334886048, 0.9890618752200113, 0.9910818829849244], "test_time": [0.04092264175415039, 0.041884660720825195, 0.07978606224060059, 0.047872066497802734, 0.060837745666503906]}