{"test_rmse": [1.3570595550554385, 1.3943687896843795, 1.3980321725393616, 1.3808971691579035, 1.3923389478516903], "test_mae": [1.033486613343682, 1.0612041441397653, 1.0637455746296631, 1.0540137383894908, 1.0558990311516778], "test_time": [0.03593182563781738, 0.03992509841918945, 0.0359041690826416, 0.03687620162963867, 0.04487800598144531]}