{"test_rmse": [1.6663392090835014, 1.6703466576486778, 1.6753217916894774, 1.6739347094670192, 1.645648795521043], "test_mae": [1.4414287546540703, 1.4484819126902442, 1.4544767932772342, 1.4505131405910818, 1.4293484651348247], "test_time": [0.03584599494934082, 0.030879974365234375, 0.029217004776000977, 0.03049015998840332, 0.03746795654296875]}