{"test_rmse": [1.252021754479448, 1.2439691713276348, 1.2587277521274909, 1.2660872479023477, 1.2623818367568438], "test_mae": [1.0044901333685683, 1.003648029196563, 1.0096528332678565, 1.013162375457672, 1.0122499913602496], "test_time": [0.031672000885009766, 0.030864238739013672, 0.031105995178222656, 0.03043985366821289, 0.031719207763671875]}