{"test_rmse": [1.303332436115032, 1.2951935440041045, 1.2806037091881657, 1.2896237086038878, 1.280428135005347], "test_mae": [1.0027837104029276, 0.9935114975112082, 0.9923825656245997, 0.9949455030271119, 0.9870884799300129], "test_time": [0.06283402442932129, 0.05385470390319824, 0.04388236999511719, 0.04584455490112305, 0.0967411994934082]}