{"test_rmse": [1.5736632340634724, 1.597173268665769, 1.6056862870518254, 1.5871283012092323, 1.6077559119498863], "test_mae": [1.1848833172133924, 1.2079856685121177, 1.2113959508370573, 1.1966332752603541, 1.2146531965564162], "test_time": [0.058846235275268555, 0.044881582260131836, 0.037897586822509766, 0.07380175590515137, 0.039903879165649414]}