{"test_rmse": [1.5276340158605546, 1.531014772396563, 1.5163327766806058, 1.5044332990310616, 1.520281252561639], "test_mae": [1.2303654879973214, 1.2313808821730992, 1.217213969816874, 1.2068786774704208, 1.2207960418572985], "fit_time": [0.06314492225646973, 0.06305408477783203, 0.06383991241455078, 0.06055307388305664, 0.06370711326599121], "test_time": [0.11199307441711426, 0.10972714424133301, 0.1099250316619873, 0.1164696216583252, 0.11988687515258789]}