{"test_rmse": [0.9419606383909517, 0.9358655086650565, 0.9369965884053466, 0.9396039943662163, 0.9266496228080243], "test_mae": [0.7421248749623574, 0.7380155562410186, 0.7401009710590576, 0.7404548466034122, 0.730723739281191], "fit_time": [5.079782009124756, 5.541883230209351, 5.696738958358765, 5.470477819442749, 4.761098861694336], "test_time": [0.18578481674194336, 0.1800689697265625, 0.14328598976135254, 0.12545108795166016, 0.11750316619873047]}