{"test_rmse": [0.9367968032698218, 0.9341414870728403, 0.9319916236191692, 0.9292981481778215, 0.9317713510928366], "test_mae": [0.7379686448312285, 0.7365572933673243, 0.7345434545830988, 0.7330217851903149, 0.7350521809924286], "fit_time": [3.5270180702209473, 3.7417399883270264, 3.6996009349823, 3.4788811206817627, 3.238212823867798], "test_time": [0.15932989120483398, 0.16486907005310059, 0.13974618911743164, 0.1374192237854004, 0.1173098087310791]}