{"test_rmse": [0.9420428491531475, 0.9400122179831315, 0.934771508939695, 0.9431951014794294, 0.9322421251570985], "test_mae": [0.7441179024108852, 0.7408614776981727, 0.7377040121288067, 0.7410776398767077, 0.734521388878184], "fit_time": [5.890716314315796, 6.427408695220947, 6.623658895492554, 6.5176849365234375, 5.96294093132019], "test_time": [0.2200171947479248, 0.17662596702575684, 0.17093801498413086, 0.1438767910003662, 0.19490504264831543]}