{"test_rmse": [0.9329020319733724, 0.9419135707667582, 0.932067889122121, 0.9308384378394161, 0.9286757767340276], "test_mae": [0.7364380381950892, 0.7428433855702024, 0.7373899791638826, 0.7300917996213235, 0.7323276748130696], "fit_time": [2.3179492950439453, 2.4158921241760254, 2.554750919342041, 2.726722002029419, 2.5497617721557617], "test_time": [0.1273491382598877, 0.1360759735107422, 0.18038105964660645, 0.1414508819580078, 0.1203460693359375]}