{"test_rmse": [0.9377750919932843, 0.9410914732671809, 0.939667310352264, 0.9500607063903239, 0.9389028825644959], "test_mae": [0.7398348355940026, 0.740927491708279, 0.7407186263475374, 0.7475825736385184, 0.7414481271622202], "fit_time": [8.418399095535278, 8.722272157669067, 8.923326015472412, 8.729058027267456, 7.778245210647583], "test_time": [0.21765708923339844, 0.15673613548278809, 0.15892720222473145, 0.14064574241638184, 0.12151193618774414]}