{"test_rmse": [0.9369174984544867, 0.938082499461738, 0.9284245811053619, 0.9384776938020075, 0.9342759630031299], "test_mae": [0.7365787965998974, 0.7405831641648802, 0.7339613454500158, 0.7389404172236281, 0.7371412247774288], "fit_time": [3.052971124649048, 3.2497122287750244, 3.308656930923462, 3.210491180419922, 2.890038013458252], "test_time": [0.1729447841644287, 0.16901683807373047, 0.14307618141174316, 0.13286089897155762, 0.11529088020324707]}