{"test_rmse": [0.9350512297953826, 0.9364116853159578, 0.9367879630901088, 0.9373154900547988, 0.9508922935642596], "test_mae": [0.7382946937084964, 0.7410751713751255, 0.7389563921354219, 0.7386468551373415, 0.7493853694374979], "fit_time": [7.1205151081085205, 7.606632947921753, 7.490208625793457, 7.173449277877808, 6.2183191776275635], "test_time": [0.22807979583740234, 0.18735289573669434, 0.15860795974731445, 0.14086103439331055, 0.12439990043640137]}