{"test_rmse": [0.9438778974232919, 0.9379795181601942, 0.9451647376033011, 0.9352140327991336, 0.9423801769120487], "test_mae": [0.7435155509696654, 0.7404459019395768, 0.7422695500850938, 0.7388360241889838, 0.7414187857934932], "fit_time": [7.174363136291504, 7.532460927963257, 7.607555627822876, 7.492700815200806, 6.722651958465576], "test_time": [0.1784970760345459, 0.15173101425170898, 0.1476118564605713, 0.1304759979248047, 0.12684893608093262]}