{"test_rmse": [0.9347268367569982, 0.9219586426161488, 0.9353545674891052, 0.9411923589573044, 0.9309573952628566], "test_mae": [0.734351023770054, 0.7274391736289406, 0.7376807654962936, 0.7444016513662076, 0.7336582832846986], "fit_time": [2.836925983428955, 3.109827995300293, 3.2037718296051025, 3.187474012374878, 2.785435914993286], "test_time": [0.15836215019226074, 0.17664313316345215, 0.16961097717285156, 0.13199806213378906, 0.13293004035949707]}