{"test_rmse": [0.9398315307698826, 0.9390884997723369, 0.9346442147165103, 0.9422708018867265, 0.9475200359648701], "test_mae": [0.7400691136220711, 0.7403969758159429, 0.7362291555659303, 0.7415859453293264, 0.7490538358127686], "fit_time": [7.628310918807983, 8.031684875488281, 8.155739784240723, 8.0954008102417, 7.245783090591431], "test_time": [0.19628000259399414, 0.1649160385131836, 0.14776396751403809, 0.12775802612304688, 0.1145930290222168]}