{"test_rmse": [0.9402647696408348, 0.9434422726732837, 0.9373087529867434, 0.9354283443521004, 0.9326088727396179], "test_mae": [0.7418232409771356, 0.7432796828492821, 0.7391267168504729, 0.7389615662967101, 0.7344128284211425], "fit_time": [6.904047250747681, 7.397352933883667, 7.551803827285767, 7.457115173339844, 6.640347003936768], "test_time": [0.2070600986480713, 0.1697227954864502, 0.1483931541442871, 0.1346120834350586, 0.13155508041381836]}