{"test_rmse": [0.9374070860443693, 0.9411230401859012, 0.9397176793178759, 0.9387848572949529, 0.9323998518519921], "test_mae": [0.7401187151218859, 0.7400251393446027, 0.7425750009769189, 0.7402118351856494, 0.7356581236264834], "fit_time": [5.4181718826293945, 5.8620710372924805, 6.156907081604004, 5.8325440883636475, 5.108932971954346], "test_time": [0.1935710906982422, 0.2505011558532715, 0.13991189002990723, 0.12411284446716309, 0.11919593811035156]}