{"test_rmse": [0.9329483967344493, 0.9410761278656046, 0.9348122607191227, 0.9375322431431744, 0.9331756552688092], "test_mae": [0.734284559914612, 0.741034597002228, 0.7356127125932762, 0.7375831300424727, 0.7374940603457986], "fit_time": [3.7822461128234863, 4.002826929092407, 4.121467113494873, 3.9039947986602783, 3.6045889854431152], "test_time": [0.14776015281677246, 0.16126632690429688, 0.1420600414276123, 0.1350100040435791, 0.12072920799255371]}