{"test_rmse": [0.9410414832107317, 0.9383781152997672, 0.9223400797736713, 0.9340419610664222, 0.9384759108038729], "test_mae": [0.7394512987359548, 0.738346045329043, 0.7277429972952059, 0.7392354997909235, 0.7392245858346435], "fit_time": [2.019578218460083, 2.3224401473999023, 2.5764946937561035, 2.389288902282715, 1.9534690380096436], "test_time": [0.1461949348449707, 0.16819310188293457, 0.15193510055541992, 0.12769293785095215, 0.1296858787536621]}