{"test_rmse": [0.9363076708435631, 0.932220205918548, 0.9360478758915126, 0.9456915440238444, 0.9376488680576687], "test_mae": [0.7391676789300154, 0.7375897204639401, 0.736758024298911, 0.7460927566249103, 0.7374292492443016], "fit_time": [4.167344808578491, 4.642370223999023, 4.8941121101379395, 4.7366249561309814, 4.186954975128174], "test_time": [0.24039697647094727, 0.17198681831359863, 0.17018818855285645, 0.13181328773498535, 0.12179970741271973]}