{"test_rmse": [0.9239120526923258, 0.9305420721894785, 0.9315459113092374, 0.9416763579586903, 0.9425963700619655], "test_mae": [0.7305257499611425, 0.7344968058837118, 0.7361177025645423, 0.7411769912693668, 0.7420588186857603], "fit_time": [1.7796549797058105, 1.8957078456878662, 1.89811110496521, 1.8296780586242676, 1.5973892211914062], "test_time": [0.15718674659729004, 0.14696288108825684, 0.14209580421447754, 0.12540292739868164, 0.12057280540466309]}