{"test_rmse": [0.9399502373077105, 0.9353167868560985, 0.9360711647255225, 0.9443661532179108, 0.9314467985400348], "test_mae": [0.7406618024340035, 0.7345238561396307, 0.7398999824074106, 0.7432589017990906, 0.733716916952598], "fit_time": [4.488081932067871, 4.745558023452759, 5.090436220169067, 4.9929399490356445, 4.677134990692139], "test_time": [0.17338871955871582, 0.17153215408325195, 0.16899824142456055, 0.15887808799743652, 0.1283431053161621]}