{"test_rmse": [0.9378953416798844, 0.9372996929266338, 0.9252166815084928, 0.9398596101956355, 0.943130655143076], "test_mae": [0.7399067570312229, 0.7379620472713072, 0.7303714965928284, 0.7418235680574479, 0.74496695355745], "fit_time": [0.9627780914306641, 0.9642302989959717, 0.9957921504974365, 1.0306010246276855, 0.9969930648803711], "test_time": [0.12493896484375, 0.11929178237915039, 0.1167137622833252, 0.12736916542053223, 0.12120509147644043]}