{"test_rmse": [0.9318489992751176, 0.9370514850663318, 0.9366257571371214, 0.9335493388800999, 0.936810075699654], "test_mae": [0.7344475980135704, 0.7396393717107355, 0.7393624000556002, 0.7373527698180544, 0.7391939581643502], "fit_time": [1.338515281677246, 1.3744330406188965, 1.3087480068206787, 1.397036075592041, 1.2937040328979492], "test_time": [0.13023996353149414, 0.13875198364257812, 0.1318950653076172, 0.13013005256652832, 0.12656593322753906]}